{
	"results": {
		"Identity": {
			"Identity": 0.8125,
			"Noise": 0.3629807692307692,
			"RandomTimeDropout": 0.22115384615384615,
			"InversionSpec": 0.10216346153846154,
			"Noise2": 0.1201923076923077,
			"Occlusion": 0.765625,
			"PitchShiftRandom": 0.765625,
			"RandCropSpec": 0.6778846153846154,
			"RandomFreqDropout": 0.14423076923076922,
			"TimeStretch": 0.7776442307692307,
			"Transform": 0.8125
		},
		"Noise": {
			"Identity": 0.5288461538461539,
			"Noise": 0.3762019230769231,
			"RandomTimeDropout": 0.17668269230769232,
			"InversionSpec": 0.08413461538461539,
			"Noise2": 0.1141826923076923,
			"Occlusion": 0.4567307692307692,
			"PitchShiftRandom": 0.4519230769230769,
			"RandCropSpec": 0.4483173076923077,
			"RandomFreqDropout": 0.14182692307692307,
			"TimeStretch": 0.44471153846153844,
			"Transform": 0.5288461538461539
		},
		"RandomTimeDropout": {
			"Identity": 0.6081730769230769,
			"Noise": 0.15625,
			"RandomTimeDropout": 0.7115384615384616,
			"InversionSpec": 0.1346153846153846,
			"Noise2": 0.1201923076923077,
			"Occlusion": 0.5997596153846154,
			"PitchShiftRandom": 0.5673076923076923,
			"RandCropSpec": 0.4735576923076923,
			"RandomFreqDropout": 0.09375,
			"TimeStretch": 0.5697115384615384,
			"Transform": 0.6081730769230769
		},
		"InversionSpec": {
			"Identity": 0.10817307692307693,
			"Noise": 0.07091346153846154,
			"RandomTimeDropout": 0.11658653846153846,
			"InversionSpec": 0.6790865384615384,
			"Noise2": 0.1201923076923077,
			"Occlusion": 0.11298076923076923,
			"PitchShiftRandom": 0.10817307692307693,
			"RandCropSpec": 0.11177884615384616,
			"RandomFreqDropout": 0.12740384615384615,
			"TimeStretch": 0.11177884615384616,
			"Transform": 0.10817307692307693
		},
		"Noise2": {
			"Identity": 0.11177884615384616,
			"Noise": 0.11177884615384616,
			"RandomTimeDropout": 0.11177884615384616,
			"InversionSpec": 0.11177884615384616,
			"Noise2": 0.12139423076923077,
			"Occlusion": 0.11177884615384616,
			"PitchShiftRandom": 0.11177884615384616,
			"RandCropSpec": 0.11177884615384616,
			"RandomFreqDropout": 0.11177884615384616,
			"TimeStretch": 0.11177884615384616,
			"Transform": 0.11177884615384616
		},
		"Occlusion": {
			"Identity": 0.7848557692307693,
			"Noise": 0.4266826923076923,
			"RandomTimeDropout": 0.1502403846153846,
			"InversionSpec": 0.17668269230769232,
			"Noise2": 0.1201923076923077,
			"Occlusion": 0.7776442307692307,
			"PitchShiftRandom": 0.7524038461538461,
			"RandCropSpec": 0.6514423076923077,
			"RandomFreqDropout": 0.140625,
			"TimeStretch": 0.7175480769230769,
			"Transform": 0.7848557692307693
		},
		"PitchShiftRandom": {
			"Identity": 0.7932692307692307,
			"Noise": 0.2920673076923077,
			"RandomTimeDropout": 0.2848557692307692,
			"InversionSpec": 0.09375,
			"Noise2": 0.1201923076923077,
			"Occlusion": 0.7055288461538461,
			"PitchShiftRandom": 0.7764423076923077,
			"RandCropSpec": 0.7091346153846154,
			"RandomFreqDropout": 0.14543269230769232,
			"TimeStretch": 0.7536057692307693,
			"Transform": 0.7932692307692307
		},
		"RandCropSpec": {
			"Identity": 0.796875,
			"Noise": 0.37259615384615385,
			"RandomTimeDropout": 0.27524038461538464,
			"InversionSpec": 0.078125,
			"Noise2": 0.1201923076923077,
			"Occlusion": 0.7776442307692307,
			"PitchShiftRandom": 0.7379807692307693,
			"RandCropSpec": 0.7848557692307693,
			"RandomFreqDropout": 0.15504807692307693,
			"TimeStretch": 0.7319711538461539,
			"Transform": 0.796875
		},
		"RandomFreqDropout": {
			"Identity": 0.6478365384615384,
			"Noise": 0.23677884615384615,
			"RandomTimeDropout": 0.171875,
			"InversionSpec": 0.10216346153846154,
			"Noise2": 0.1201923076923077,
			"Occlusion": 0.6057692307692307,
			"PitchShiftRandom": 0.6382211538461539,
			"RandCropSpec": 0.65625,
			"RandomFreqDropout": 0.6418269230769231,
			"TimeStretch": 0.6298076923076923,
			"Transform": 0.6478365384615384
		},
		"TimeStretch": {
			"Identity": 0.7307692307692307,
			"Noise": 0.4110576923076923,
			"RandomTimeDropout": 0.27163461538461536,
			"InversionSpec": 0.046875,
			"Noise2": 0.1201923076923077,
			"Occlusion": 0.6935096153846154,
			"PitchShiftRandom": 0.7115384615384616,
			"RandCropSpec": 0.6502403846153846,
			"RandomFreqDropout": 0.12980769230769232,
			"TimeStretch": 0.7151442307692307,
			"Transform": 0.7307692307692307
		},
		"Transform": {
			"Identity": 0.7836538461538461,
			"Noise": 0.33774038461538464,
			"RandomTimeDropout": 0.24278846153846154,
			"InversionSpec": 0.15504807692307693,
			"Noise2": 0.057692307692307696,
			"Occlusion": 0.7608173076923077,
			"PitchShiftRandom": 0.7223557692307693,
			"RandCropSpec": 0.703125,
			"RandomFreqDropout": 0.11298076923076923,
			"TimeStretch": 0.734375,
			"Transform": 0.7836538461538461
		}
	},
	"augments": {
		"Identity": {},
		"Noise": {
			"ratio": 1.0,
			"snr": 15.0
		},
		"RandomTimeDropout": {
			"ratio": 1.0
		},
		"InversionSpec": {
			"ratio": 1.0
		},
		"Noise2": {
			"ratio": 1.0,
			"noise_factor": [
				10.0,
				10.0
			]
		},
		"Occlusion": {
			"ratio": 1.0,
			"max_size": 1.0
		},
		"PitchShiftRandom": {
			"ratio": 1.0,
			"steps": [
				-1,
				1
			]
		},
		"RandCropSpec": {
			"ratio": 1.0,
			"fill_value": -80
		},
		"RandomFreqDropout": {
			"ratio": 1.0
		},
		"TimeStretch": {
			"ratio": 1.0
		},
		"Transform": {
			"ratio": 1.0,
			"translation": [
				-10,
				10
			]
		}
	}
}