{
	"results": {
		"Identity_": {
			"Identity_": 0.828125,
			"HorizontalFlip_ratio_1.0": 0.7487980769230769,
			"VerticalFlip_ratio_1.0": 0.25841346153846156,
			"Noise_ratio_1.0_target_snr_15": 0.6610576923076923,
			"Noise_ratio_1.0_target_snr_20": 0.7007211538461539,
			"InversionSpec_ratio_1.0": 0.17668269230769232,
			"Noise2_noise_factor__op_1.0_c__1.0_cp__ratio_1.0": 0.12139423076923077,
			"Noise2_noise_factor__op_0.5_c__0.5_cp__ratio_1.0": 0.12860576923076922,
			"Noise2_noise_factor__op_0.1_c__0.1_cp__ratio_1.0": 0.28365384615384615,
			"NoiseSpec_ratio_1.0_snr_15.0": 0.4579326923076923,
			"NoiseSpec_ratio_1.0_snr_20.0": 0.3870192307692308,
			"Occlusion_max_size_1.0_ratio_1.0": 0.8064903846153846,
			"PitchShiftRandom_ratio_1.0_steps__op_-1_c__1_cp_": 0.75,
			"PitchShiftRandom_ratio_1.0_steps__op_-3_c__3_cp_": 0.640625,
			"CutOutSpec_fill_value_-80_ratio_1.0_rect_height_scale_range__op_0.1_c__0.5_cp__rect_width_scale_range__op_0.1_c__0.5_cp_": 0.6610576923076923,
			"CutOutSpec_fill_value_-80_ratio_1.0_rect_height_scale_range__op_0.1_c__0.25_cp__rect_width_scale_range__op_0.1_c__0.25_cp_": 0.7487980769230769,
			"RandomTimeDropout_dropout_0.5_ratio_1.0": 0.17548076923076922,
			"RandomTimeDropout_dropout_0.01_ratio_1.0": 0.7752403846153846,
			"RandomFreqDropout_dropout_0.5_ratio_1.0": 0.10336538461538461,
			"RandomFreqDropout_dropout_0.01_ratio_1.0": 0.6177884615384616,
			"TimeStretch_ratio_1.0": 0.7860576923076923
		}
	},
	"augments": {
		"Identity_": {},
		"HorizontalFlip_ratio_1.0": {
			"ratio": 1.0
		},
		"VerticalFlip_ratio_1.0": {
			"ratio": 1.0
		},
		"Noise_ratio_1.0_target_snr_15": {
			"ratio": 1.0,
			"target_snr": 15
		},
		"Noise_ratio_1.0_target_snr_20": {
			"ratio": 1.0,
			"target_snr": 20
		},
		"InversionSpec_ratio_1.0": {
			"ratio": 1.0
		},
		"Noise2_noise_factor__op_1.0_c__1.0_cp__ratio_1.0": {
			"ratio": 1.0,
			"noise_factor": [
				1.0,
				1.0
			]
		},
		"Noise2_noise_factor__op_0.5_c__0.5_cp__ratio_1.0": {
			"ratio": 1.0,
			"noise_factor": [
				0.5,
				0.5
			]
		},
		"Noise2_noise_factor__op_0.1_c__0.1_cp__ratio_1.0": {
			"ratio": 1.0,
			"noise_factor": [
				0.1,
				0.1
			]
		},
		"NoiseSpec_ratio_1.0_snr_15.0": {
			"ratio": 1.0,
			"snr": 15.0
		},
		"NoiseSpec_ratio_1.0_snr_20.0": {
			"ratio": 1.0,
			"snr": 20.0
		},
		"Occlusion_max_size_1.0_ratio_1.0": {
			"ratio": 1.0,
			"max_size": 1.0
		},
		"PitchShiftRandom_ratio_1.0_steps__op_-1_c__1_cp_": {
			"ratio": 1.0,
			"steps": [
				-1,
				1
			]
		},
		"PitchShiftRandom_ratio_1.0_steps__op_-3_c__3_cp_": {
			"ratio": 1.0,
			"steps": [
				-3,
				3
			]
		},
		"CutOutSpec_fill_value_-80_ratio_1.0_rect_height_scale_range__op_0.1_c__0.5_cp__rect_width_scale_range__op_0.1_c__0.5_cp_": {
			"ratio": 1.0,
			"fill_value": -80,
			"rect_width_scale_range": [
				0.1,
				0.5
			],
			"rect_height_scale_range": [
				0.1,
				0.5
			]
		},
		"CutOutSpec_fill_value_-80_ratio_1.0_rect_height_scale_range__op_0.1_c__0.25_cp__rect_width_scale_range__op_0.1_c__0.25_cp_": {
			"ratio": 1.0,
			"fill_value": -80,
			"rect_width_scale_range": [
				0.1,
				0.25
			],
			"rect_height_scale_range": [
				0.1,
				0.25
			]
		},
		"RandomTimeDropout_dropout_0.5_ratio_1.0": {
			"ratio": 1.0,
			"dropout": 0.5
		},
		"RandomTimeDropout_dropout_0.01_ratio_1.0": {
			"ratio": 1.0,
			"dropout": 0.01
		},
		"RandomFreqDropout_dropout_0.5_ratio_1.0": {
			"ratio": 1.0,
			"dropout": 0.5
		},
		"RandomFreqDropout_dropout_0.01_ratio_1.0": {
			"ratio": 1.0,
			"dropout": 0.01
		},
		"TimeStretch_ratio_1.0": {
			"ratio": 1.0
		}
	},
	"args": {
		"dataset_name": "UBS8K",
		"dataset_path": "/projets/samova/leocances/UrbanSound8K/",
		"nb_classes": 10,
		"seed": 123,
		"batch_size_s": 64,
		"num_workers_s": 4,
		"nb_epochs": 100,
		"checkpoint_path": "/users/samova/elabbe/root/task4/models/",
		"checkpoint_metric_name": "acc",
		"confidence": 0.5,
		"model": "CNN03Rot",
		"optimizer": "Adam",
		"scheduler": "None",
		"lr": 0.001,
		"weight_decay": 0.0,
		"fold_val": 10
	}
}