{
	"results": {
		"Identity_": {
			"Identity_": 0.9013421474358975,
			"AutoContrast_ratio_1.0": 0.893729967948718,
			"Brightness_levels__op_0.05_c__0.95_cp__ratio_1.0": 0.8283253205128205,
			"Color_levels__op_0.05_c__0.95_cp__ratio_1.0": 0.8927283653846154,
			"Contrast_levels__op_0.05_c__0.95_cp__ratio_1.0": 0.8254206730769231,
			"Equalize_ratio_1.0": 0.784354967948718,
			"Posterize_nbs_bits__op_4_c__8_cp__ratio_1.0": 0.8948317307692307,
			"Rotation_angles__op_-30_c__30_cp__ratio_1.0": 0.6311097756410257,
			"Sharpness_levels__op_0.05_c__0.95_cp__ratio_1.0": 0.8874198717948718,
			"ShearX_ratio_1.0_shears__op_-0.3_c__0.3_cp_": 0.8299278846153846,
			"ShearY_ratio_1.0_shears__op_-0.3_c__0.3_cp_": 0.8076923076923077,
			"Solarize_ratio_1.0_thresholds__op_0_c__256_cp_": 0.6669671474358975,
			"TranslateX_deltas__op_-0.3_c__0.3_cp__ratio_1.0": 0.8413461538461539,
			"TranslateY_deltas__op_-0.3_c__0.3_cp__ratio_1.0": 0.7895633012820513,
			"Invert_ratio_1.0": 0.5430689102564102,
			"Rescale_ratio_1.0_scales__op_0.5_c__2.0_cp_": 0.5715144230769231,
			"Smooth_ratio_1.0": 0.6967147435897436,
			"HorizontalFlip_ratio_1.0": 0.8175080128205128,
			"VerticalFlip_ratio_1.0": 0.8916266025641025,
			"CutOut_ratio_1.0_rect_height_scale_range__op_0.1_c__0.5_cp__rect_width_scale_range__op_0.1_c__0.5_cp_": 0.8185096153846154
		}
	},
	"augments": {
		"Identity_": {},
		"AutoContrast_ratio_1.0": {
			"ratio": 1.0
		},
		"Brightness_levels__op_0.05_c__0.95_cp__ratio_1.0": {
			"ratio": 1.0,
			"levels": [
				0.05,
				0.95
			]
		},
		"Color_levels__op_0.05_c__0.95_cp__ratio_1.0": {
			"ratio": 1.0,
			"levels": [
				0.05,
				0.95
			]
		},
		"Contrast_levels__op_0.05_c__0.95_cp__ratio_1.0": {
			"ratio": 1.0,
			"levels": [
				0.05,
				0.95
			]
		},
		"Equalize_ratio_1.0": {
			"ratio": 1.0
		},
		"Posterize_nbs_bits__op_4_c__8_cp__ratio_1.0": {
			"ratio": 1.0,
			"nbs_bits": [
				4,
				8
			]
		},
		"Rotation_angles__op_-30_c__30_cp__ratio_1.0": {
			"ratio": 1.0,
			"angles": [
				-30,
				30
			]
		},
		"Sharpness_levels__op_0.05_c__0.95_cp__ratio_1.0": {
			"ratio": 1.0,
			"levels": [
				0.05,
				0.95
			]
		},
		"ShearX_ratio_1.0_shears__op_-0.3_c__0.3_cp_": {
			"ratio": 1.0,
			"shears": [
				-0.3,
				0.3
			]
		},
		"ShearY_ratio_1.0_shears__op_-0.3_c__0.3_cp_": {
			"ratio": 1.0,
			"shears": [
				-0.3,
				0.3
			]
		},
		"Solarize_ratio_1.0_thresholds__op_0_c__256_cp_": {
			"ratio": 1.0,
			"thresholds": [
				0,
				256
			]
		},
		"TranslateX_deltas__op_-0.3_c__0.3_cp__ratio_1.0": {
			"ratio": 1.0,
			"deltas": [
				-0.3,
				0.3
			]
		},
		"TranslateY_deltas__op_-0.3_c__0.3_cp__ratio_1.0": {
			"ratio": 1.0,
			"deltas": [
				-0.3,
				0.3
			]
		},
		"Invert_ratio_1.0": {
			"ratio": 1.0
		},
		"Rescale_ratio_1.0_scales__op_0.5_c__2.0_cp_": {
			"ratio": 1.0,
			"scales": [
				0.5,
				2.0
			]
		},
		"Smooth_ratio_1.0": {
			"ratio": 1.0
		},
		"HorizontalFlip_ratio_1.0": {
			"ratio": 1.0
		},
		"VerticalFlip_ratio_1.0": {
			"ratio": 1.0
		},
		"CutOut_ratio_1.0_rect_height_scale_range__op_0.1_c__0.5_cp__rect_width_scale_range__op_0.1_c__0.5_cp_": {
			"ratio": 1.0,
			"rect_width_scale_range": [
				0.1,
				0.5
			],
			"rect_height_scale_range": [
				0.1,
				0.5
			]
		}
	},
	"args": {
		"dataset_name": "CIFAR10",
		"dataset_path": "/projets/samova/leocances/CIFAR10/",
		"nb_classes": 10,
		"seed": 123,
		"batch_size_s": 64,
		"num_workers_s": 4,
		"nb_epochs": 100,
		"checkpoint_path": "/users/samova/elabbe/root/task4/models/",
		"checkpoint_metric_name": "acc",
		"confidence": 0.5,
		"model": "WideResNet28Rot",
		"optimizer": "Adam",
		"scheduler": null,
		"lr": 0.001,
		"weight_decay": 0.0,
		"fold_val": 10
	}
}